order_id,customer_id,order_date,ship_date,order_status,payment_method,sales_channel
301,101,2024-01-09,2024-01-11,Delivered,Card,Web
302,102,2024-01-20,2024-01-22,Delivered,UPI,Mobile App
303,103,2024-02-08,2024-02-10,Delivered,Card,Web
304,104,2024-02-26,2024-02-28,Delivered,Wallet,Marketplace
305,105,2024-03-07,2024-03-09,Delivered,Card,Web
306,106,2024-03-22,2024-03-24,Delivered,UPI,Mobile App
307,101,2024-04-10,2024-04-12,Delivered,Card,Web
308,107,2024-04-15,2024-04-17,Delivered,Wallet,Marketplace
309,108,2024-05-02,2024-05-04,Delivered,Card,Web
310,109,2024-05-20,2024-05-22,Delivered,UPI,Mobile App
311,110,2024-06-01,2024-06-03,Delivered,Card,Web
312,103,2024-06-19,2024-06-21,Delivered,Card,Web
313,105,2024-07-05,2024-07-07,Delivered,Wallet,Marketplace
314,102,2024-07-16,2024-07-18,Delivered,UPI,Mobile App
315,104,2024-08-03,2024-08-05,Delivered,Card,Web
316,108,2024-08-18,2024-08-20,Delivered,Card,Web
317,109,2024-09-06,2024-09-08,Delivered,UPI,Mobile App
318,101,2024-10-11,2024-10-13,Delivered,Card,Web
319,107,2024-11-09,2024-11-11,Delivered,Wallet,Marketplace
320,110,2024-12-14,2024-12-16,Delivered,Card,Web
